{
  "GET All Products " : {
    "transaction" : "GET All Products ",
    "sampleCount" : 200,
    "errorCount" : 200,
    "errorPct" : 100.0,
    "meanResTime" : 325.6050000000001,
    "medianResTime" : 232.0,
    "minResTime" : 217.0,
    "maxResTime" : 823.0,
    "pct1ResTime" : 682.8,
    "pct2ResTime" : 700.8,
    "pct3ResTime" : 806.6900000000003,
    "throughput" : 0.23095995038980266,
    "receivedKBytesPerSec" : 0.35234474150384953,
    "sentKBytesPerSec" : 0.029095540625277874
  },
  "Total" : {
    "transaction" : "Total",
    "sampleCount" : 600,
    "errorCount" : 600,
    "errorPct" : 100.0,
    "meanResTime" : 187.14999999999998,
    "medianResTime" : 227.0,
    "minResTime" : 0.0,
    "maxResTime" : 823.0,
    "pct1ResTime" : 249.89999999999998,
    "pct2ResTime" : 673.9499999999999,
    "pct3ResTime" : 723.98,
    "throughput" : 0.6926838729340703,
    "receivedKBytesPerSec" : 0.9761566305432027,
    "sentKBytesPerSec" : 0.09492835628425898
  },
  "GET Single Product " : {
    "transaction" : "GET Single Product ",
    "sampleCount" : 200,
    "errorCount" : 200,
    "errorPct" : 100.0,
    "meanResTime" : 0.0,
    "medianResTime" : 0.0,
    "minResTime" : 0.0,
    "maxResTime" : 0.0,
    "pct1ResTime" : 0.0,
    "pct2ResTime" : 0.0,
    "pct3ResTime" : 0.0,
    "throughput" : 0.23116737211243055,
    "receivedKBytesPerSec" : 0.27135076296791166,
    "sentKBytesPerSec" : 0.0
  },
  "POST Login " : {
    "transaction" : "POST Login ",
    "sampleCount" : 200,
    "errorCount" : 200,
    "errorPct" : 100.0,
    "meanResTime" : 235.84499999999997,
    "medianResTime" : 233.0,
    "minResTime" : 218.0,
    "maxResTime" : 327.0,
    "pct1ResTime" : 245.9,
    "pct2ResTime" : 250.0,
    "pct3ResTime" : 322.0,
    "throughput" : 0.2311021957019614,
    "receivedKBytesPerSec" : 0.35319817995465774,
    "sentKBytesPerSec" : 0.06590023549313742
  }
}