{
  "GET prodact_1" : {
    "transaction" : "GET prodact_1",
    "sampleCount" : 60,
    "errorCount" : 0,
    "errorPct" : 0.0,
    "meanResTime" : 193.90000000000006,
    "medianResTime" : 216.5,
    "minResTime" : 97.0,
    "maxResTime" : 291.0,
    "pct1ResTime" : 263.6,
    "pct2ResTime" : 274.65,
    "pct3ResTime" : 291.0,
    "throughput" : 0.004475902746689939,
    "receivedKBytesPerSec" : 0.0671533297462081,
    "sentKBytesPerSec" : 5.900848347686931E-4
  },
  "Total" : {
    "transaction" : "Total",
    "sampleCount" : 179,
    "errorCount" : 0,
    "errorPct" : 0.0,
    "meanResTime" : 258.71508379888274,
    "medianResTime" : 242.0,
    "minResTime" : 95.0,
    "maxResTime" : 555.0,
    "pct1ResTime" : 421.0,
    "pct2ResTime" : 447.0,
    "pct3ResTime" : 553.4,
    "throughput" : 0.013352832945243314,
    "receivedKBytesPerSec" : 0.15839879671579987,
    "sentKBytesPerSec" : 0.0017039985347317254
  },
  "GET Cart Page" : {
    "transaction" : "GET Cart Page",
    "sampleCount" : 60,
    "errorCount" : 0,
    "errorPct" : 0.0,
    "meanResTime" : 198.5833333333333,
    "medianResTime" : 229.5,
    "minResTime" : 95.0,
    "maxResTime" : 291.0,
    "pct1ResTime" : 259.9,
    "pct2ResTime" : 276.75,
    "pct3ResTime" : 291.0,
    "throughput" : 0.00447589039260571,
    "receivedKBytesPerSec" : 0.06975439143593576,
    "sentKBytesPerSec" : 5.594862990757137E-4
  },
  "GET Home Page" : {
    "transaction" : "GET Home Page",
    "sampleCount" : 59,
    "errorCount" : 0,
    "errorPct" : 0.0,
    "meanResTime" : 385.7796610169491,
    "medianResTime" : 409.0,
    "minResTime" : 269.0,
    "maxResTime" : 555.0,
    "pct1ResTime" : 468.0,
    "pct2ResTime" : 553.0,
    "pct3ResTime" : 555.0,
    "throughput" : 0.0044014997327021434,
    "receivedKBytesPerSec" : 0.021495122014608202,
    "sentKBytesPerSec" : 5.544858061704848E-4
  }
}